FiD,firstName,lastName,email,department,dob,phone,cabinNo
1000,Danielle,Johnson,danielle.johnson1000@example.com,Chemistry,1979-02-03,3218196001,FC0001
1001,Carolyn,Hoffman,carolyn.hoffman1001@example.com,Computer Science,1988-12-04,7940265423,FC0002
1002,Noah,Howard,noah.howard1002@example.com,Political Science,1983-10-14,0781618495,FC0003
1003,Brandon,Perez,brandon.perez1003@example.com,Philosophy,1980-01-26,3164752553,FC0004
1004,Cynthia,Ferguson,cynthia.ferguson1004@example.com,Philosophy,1977-01-13,7648350305,FC0005
1005,Jason,Hahn,jason.hahn1005@example.com,Biology,1981-10-16,7672423884,FC0006
1006,Reginald,Robinson,reginald.robinson1006@example.com,Chemistry,1969-10-16,1012269166,FC0007
1007,John,Tran,john.tran1007@example.com,Statistics,1961-02-27,8451462704,FC0008
1008,Rita,Harrell,rita.harrell1008@example.com,Physics,1980-09-07,2528809570,FC0009
1009,John,Allen,john.allen1009@example.com,Electronics,1965-09-26,7182278248,FC0010
1010,Sarah,Campos,sarah.campos1010@example.com,Mathematics,1974-01-24,6578713315,FC0011
1011,Jerry,Robinson,jerry.robinson1011@example.com,Computer Science,1965-03-17,3105183473,FC0012
1012,Barbara,Sanchez,barbara.sanchez1012@example.com,Physics,1992-07-24,3116566701,FC0013
1013,Lauren,Rodriguez,lauren.rodriguez1013@example.com,History,1973-05-31,8726247317,FC0014
1014,Denise,Fernandez,denise.fernandez1014@example.com,Philosophy,1961-05-19,3267736026,FC0015
1015,Sara,Glover,sara.glover1015@example.com,Psychology,1979-10-15,8723430980,FC0016
1016,Breanna,Shaw,breanna.shaw1016@example.com,Computer Science,1971-02-03,8121913619,FC0017
1017,Bernard,Miller,bernard.miller1017@example.com,Statistics,1995-12-14,4353462475,FC0018
1018,Christine,Hart,christine.hart1018@example.com,History,1967-03-08,8384251354,FC0019
1019,Jade,Carr,jade.carr1019@example.com,Statistics,1996-05-15,8412411824,FC0020
1020,Jennifer,Harris,jennifer.harris1020@example.com,Electronics,1978-05-05,4016400524,FC0021
1021,Janice,Hoffman,janice.hoffman1021@example.com,Philosophy,1967-12-28,2805982620,FC0022
1022,Rachel,Clark,rachel.clark1022@example.com,Mechanical Engineering,1977-05-11,5869232260,FC0023
1023,Leah,Shields,leah.shields1023@example.com,Political Science,1977-04-07,2160733754,FC0024
1024,Donna,Ross,donna.ross1024@example.com,Computer Science,1979-05-03,4586850142,FC0025
1025,Daniel,Hamilton,daniel.hamilton1025@example.com,Economics,1981-09-21,9816934060,FC0026
1026,Michael,Jones,michael.jones1026@example.com,Electronics,1982-11-06,1484656482,FC0027
1027,Erica,Orr,erica.orr1027@example.com,English,1980-11-09,8044369957,FC0028
1028,William,Leon,william.leon1028@example.com,Political Science,1971-12-04,4895134332,FC0029
1029,Tracey,Carr,tracey.carr1029@example.com,Biology,1965-05-02,6936763201,FC0030
1030,Linda,Dominguez,linda.dominguez1030@example.com,History,1991-12-28,8317278895,FC0031
1031,Ronald,Meadows,ronald.meadows1031@example.com,English,1990-09-21,7743487347,FC0032
1032,Joseph,Flores,joseph.flores1032@example.com,Chemistry,1965-11-10,2362316658,FC0033
1033,Jamie,Fisher,jamie.fisher1033@example.com,Physics,1961-09-15,7054668893,FC0034
1034,Ryan,Johnson,ryan.johnson1034@example.com,Data Science,1983-04-02,2729806990,FC0035
1035,Michelle,White,michelle.white1035@example.com,Chemistry,1978-01-30,5375564641,FC0036
1036,Brett,Crane,brett.crane1036@example.com,Cyber Security,1975-08-21,0033092327,FC0037
1037,Steven,Scott,steven.scott1037@example.com,Cyber Security,1985-06-24,9912419049,FC0038
1038,Charles,Vaughn,charles.vaughn1038@example.com,Political Science,1976-11-26,4919058651,FC0039
1039,Melissa,Short,melissa.short1039@example.com,Mathematics,1967-07-24,5726284987,FC0040
1040,Joseph,Christian,joseph.christian1040@example.com,Mechanical Engineering,1966-04-11,7379965075,FC0041
1041,Michael,Green,michael.green1041@example.com,Statistics,1979-05-29,8083136783,FC0042
1042,Laura,Davis,laura.davis1042@example.com,Chemistry,1975-06-16,3495788568,FC0043
1043,Joseph,King,joseph.king1043@example.com,Data Science,1968-08-02,5182337498,FC0044
1044,Marissa,Phillips,marissa.phillips1044@example.com,Physics,1984-12-07,4082400842,FC0045
1045,Audrey,Harrison,audrey.harrison1045@example.com,Statistics,1990-05-08,2047116719,FC0046
1046,Lisa,Avery,lisa.avery1046@example.com,Sociology,1966-03-05,1869993867,FC0047
1047,Veronica,Torres,veronica.torres1047@example.com,Cyber Security,1964-06-23,3341232812,FC0048
1048,Hannah,Harrison,hannah.harrison1048@example.com,History,1962-08-07,4471349361,FC0049
1049,Rebekah,Serrano,rebekah.serrano1049@example.com,Physics,1965-03-27,2499471746,FC0050
1050,Troy,Miller,troy.miller1050@example.com,Mathematics,1963-02-02,5940139904,FC0051
1051,Thomas,Pearson,thomas.pearson1051@example.com,Philosophy,1979-04-22,9671756551,FC0052
1052,Heather,Roberts,heather.roberts1052@example.com,Sociology,1987-08-18,7154516808,FC0053
1053,Jacob,Cox,jacob.cox1053@example.com,Physics,1994-04-20,0348247710,FC0054
1054,Lance,Smith,lance.smith1054@example.com,Philosophy,1988-02-21,3171274846,FC0055
1055,Stephen,Thomas,stephen.thomas1055@example.com,Chemistry,1973-05-07,1465840449,FC0056
1056,Sean,Washington,sean.washington1056@example.com,Data Science,1982-12-31,7533963605,FC0057
1057,Vanessa,Sparks,vanessa.sparks1057@example.com,Political Science,1970-09-23,0289517187,FC0058
1058,Monica,Booker,monica.booker1058@example.com,Mechanical Engineering,1965-06-20,4596158657,FC0059
1059,Casey,Welch,casey.welch1059@example.com,Cyber Security,1979-12-07,1611724005,FC0060
1060,Nicholas,Thomas,nicholas.thomas1060@example.com,Economics,1988-06-01,2219693792,FC0061
1061,Steve,Estrada,steve.estrada1061@example.com,Cyber Security,1992-01-14,8217594647,FC0062
1062,Melissa,Rodriguez,melissa.rodriguez1062@example.com,Cyber Security,1986-04-30,9440640909,FC0063
1063,Catherine,Gomez,catherine.gomez1063@example.com,History,1973-04-25,2104709521,FC0064
1064,Gregory,Anderson,gregory.anderson1064@example.com,Political Science,1985-04-10,2474517123,FC0065
1065,Christopher,Foster,christopher.foster1065@example.com,Physics,1978-05-17,7549651370,FC0066
1066,Rose,Walker,rose.walker1066@example.com,Economics,1964-09-05,4612004711,FC0067
1067,Paul,Watson,paul.watson1067@example.com,Statistics,1988-11-24,6179640537,FC0068
1068,Cory,Jennings,cory.jennings1068@example.com,Philosophy,1984-10-13,6431713900,FC0069
1069,Kristin,Harris,kristin.harris1069@example.com,Economics,1974-06-22,3529042284,FC0070
1070,David,Howard,david.howard1070@example.com,Mechanical Engineering,1976-07-26,0240268117,FC0071
1071,Brittney,Hayes,brittney.hayes1071@example.com,Data Science,1975-06-15,8470076617,FC0072
1072,Marc,Hernandez,marc.hernandez1072@example.com,Political Science,1968-12-18,9985698478,FC0073
1073,Laura,Wilson,laura.wilson1073@example.com,Statistics,1975-01-04,7365766156,FC0074
1074,Stephanie,Mcdaniel,stephanie.mcdaniel1074@example.com,Philosophy,1992-08-25,1116152809,FC0075
1075,Elizabeth,Jenkins,elizabeth.jenkins1075@example.com,English,1989-02-27,4945198327,FC0076
1076,Megan,Richardson,megan.richardson1076@example.com,Mathematics,1979-05-02,6899809402,FC0077
1077,Michael,White,michael.white1077@example.com,Philosophy,1970-02-15,1201836675,FC0078
1078,Jennifer,Frank,jennifer.frank1078@example.com,Mathematics,1966-02-27,2290147679,FC0079
1079,Jason,Hunt,jason.hunt1079@example.com,English,1983-11-13,1497840369,FC0080
1080,Kevin,Clark,kevin.clark1080@example.com,Data Science,1969-09-18,4510762268,FC0081
1081,Martha,Drake,martha.drake1081@example.com,Political Science,1965-04-13,0607159696,FC0082
1082,Richard,Burch,richard.burch1082@example.com,Physics,1972-01-27,5161369681,FC0083
1083,Jeffrey,Maxwell,jeffrey.maxwell1083@example.com,History,1965-07-29,8835523124,FC0084
1084,Eric,Malone,eric.malone1084@example.com,English,1965-07-03,7799799552,FC0085
1085,Scott,Turner,scott.turner1085@example.com,History,1979-01-26,5814770054,FC0086
1086,Brooke,Cruz,brooke.cruz1086@example.com,Civil Engineering,1963-03-03,9359782071,FC0087
1087,Debbie,Williams,debbie.williams1087@example.com,Data Science,1990-03-02,8892554665,FC0088
1088,Cameron,Davis,cameron.davis1088@example.com,Mechanical Engineering,1986-09-07,4925192546,FC0089
1089,Kyle,Bennett,kyle.bennett1089@example.com,Biology,1982-09-24,8168505423,FC0090
1090,Jeremy,Taylor,jeremy.taylor1090@example.com,Political Science,1965-08-17,1888059296,FC0091
1091,Marie,Wise,marie.wise1091@example.com,Biology,1971-08-23,0653794738,FC0092
1092,Rebecca,Lee,rebecca.lee1092@example.com,Philosophy,1990-05-12,4688623924,FC0093
1093,Angela,Garcia,angela.garcia1093@example.com,Statistics,1995-06-26,4124782613,FC0094
1094,Robert,Sanders,robert.sanders1094@example.com,Statistics,1985-10-28,6153051522,FC0095
1095,Heather,Taylor,heather.taylor1095@example.com,Political Science,1992-04-19,9010432898,FC0096
1096,John,Martinez,john.martinez1096@example.com,Electronics,1976-08-08,9711798089,FC0097
1097,Ruben,Mendez,ruben.mendez1097@example.com,Data Science,1976-09-30,2185188888,FC0098
1098,Bradley,Hughes,bradley.hughes1098@example.com,Cyber Security,1985-10-12,0515319520,FC0099
1099,Lisa,Thompson,lisa.thompson1099@example.com,Philosophy,1991-12-30,2217043030,FC0100
1100,Raymond,Ochoa,raymond.ochoa1100@example.com,Biology,1992-08-04,0345054156,FC0101
1101,Matthew,Lopez,matthew.lopez1101@example.com,Psychology,1994-03-27,8416169284,FC0102
1102,Mark,Phillips,mark.phillips1102@example.com,Civil Engineering,1990-09-21,2757059640,FC0103
1103,William,Brady,william.brady1103@example.com,Physics,1971-04-07,2970213556,FC0104
1104,Eric,Cole,eric.cole1104@example.com,Mathematics,1985-08-15,7192856543,FC0105
1105,Victor,Hughes,victor.hughes1105@example.com,Chemistry,1968-05-22,4739473121,FC0106
1106,Wendy,Cochran,wendy.cochran1106@example.com,Biology,1982-02-15,1884422583,FC0107
1107,Joel,Snyder,joel.snyder1107@example.com,Economics,1984-12-08,7829114678,FC0108
1108,Charles,Compton,charles.compton1108@example.com,Electronics,1965-06-04,7852892268,FC0109
1109,Eric,Martin,eric.martin1109@example.com,Physics,1982-05-02,5841438424,FC0110
1110,Wayne,Jackson,wayne.jackson1110@example.com,Data Science,1970-11-14,9959001094,FC0111
1111,Christine,Johnson,christine.johnson1111@example.com,Data Science,1980-02-02,7364710276,FC0112
1112,Matthew,Thomas,matthew.thomas1112@example.com,Mechanical Engineering,1982-02-08,6258815371,FC0113
1113,Donald,Williams,donald.williams1113@example.com,Psychology,1986-07-09,3259532787,FC0114
1114,Andrew,Landry,andrew.landry1114@example.com,Political Science,1994-10-09,3395004797,FC0115
1115,Melanie,Jordan,melanie.jordan1115@example.com,Statistics,1978-05-17,6506098358,FC0116
1116,William,Duran,william.duran1116@example.com,Computer Science,1979-05-31,2165585239,FC0117
1117,Billy,Williams,billy.williams1117@example.com,Chemistry,1983-01-15,8729825952,FC0118
1118,Brittney,Romero,brittney.romero1118@example.com,Statistics,1995-01-24,9470551694,FC0119
1119,Joseph,Rios,joseph.rios1119@example.com,Political Science,1975-11-11,9728962309,FC0120
1120,Scott,Barnes,scott.barnes1120@example.com,English,1988-06-24,6897028385,FC0121
1121,Lee,Thompson,lee.thompson1121@example.com,Chemistry,1983-09-03,4973348434,FC0122
1122,Logan,Bailey,logan.bailey1122@example.com,Sociology,1978-12-26,1986652404,FC0123
1123,Diana,Burgess,diana.burgess1123@example.com,Electronics,1974-12-09,8484219933,FC0124
1124,Dana,Williams,dana.williams1124@example.com,Economics,1988-07-02,7120826773,FC0125
1125,Debbie,Velez,debbie.velez1125@example.com,Mechanical Engineering,1966-06-19,8026206724,FC0126
1126,Ashley,Rodriguez,ashley.rodriguez1126@example.com,Computer Science,1983-03-06,7887287431,FC0127
1127,Deborah,Higgins,deborah.higgins1127@example.com,Political Science,1961-05-03,4932966851,FC0128
1128,Tina,Woods,tina.woods1128@example.com,Psychology,1977-04-04,4637454990,FC0129
1129,Bryan,Wilson,bryan.wilson1129@example.com,Economics,1981-04-03,6841459332,FC0130
1130,Julie,Obrien,julie.obrien1130@example.com,Psychology,1988-09-03,8339187851,FC0131
1131,Maria,Leach,maria.leach1131@example.com,Chemistry,1974-02-18,2587139718,FC0132
1132,David,Perry,david.perry1132@example.com,Sociology,1964-04-22,4064039106,FC0133
1133,Virginia,Michael,virginia.michael1133@example.com,Psychology,1965-01-27,0462265676,FC0134
1134,Dean,Dalton,dean.dalton1134@example.com,History,1968-06-13,8682300478,FC0135
1135,Madeline,Wright,madeline.wright1135@example.com,Biology,1983-12-07,4310690331,FC0136
1136,Sean,Powers,sean.powers1136@example.com,Cyber Security,1963-09-09,0673830284,FC0137
1137,Barbara,Barton,barbara.barton1137@example.com,Economics,1982-03-14,4283644089,FC0138
1138,Tyler,Compton,tyler.compton1138@example.com,Statistics,1986-04-25,6624628733,FC0139
1139,Robin,Hart,robin.hart1139@example.com,Psychology,1988-09-20,6343517518,FC0140
1140,Nicholas,Jacobs,nicholas.jacobs1140@example.com,Computer Science,1963-01-25,3983735403,FC0141
1141,Robin,Dominguez,robin.dominguez1141@example.com,English,1974-04-18,3854678544,FC0142
1142,Steven,Lang,steven.lang1142@example.com,Civil Engineering,1992-04-29,3556093204,FC0143
1143,Jennifer,Phillips,jennifer.phillips1143@example.com,Computer Science,1973-09-23,3693785477,FC0144
1144,Gary,Cortez,gary.cortez1144@example.com,Chemistry,1993-08-10,8080100623,FC0145
1145,Jeffery,Bryant,jeffery.bryant1145@example.com,Cyber Security,1964-06-28,7008860084,FC0146
1146,Wayne,Wolfe,wayne.wolfe1146@example.com,Sociology,1989-09-04,1182339845,FC0147
1147,Nathan,Sullivan,nathan.sullivan1147@example.com,Philosophy,1976-12-04,4101666870,FC0148
1148,Vincent,Hamilton,vincent.hamilton1148@example.com,Mathematics,1982-12-02,8033974014,FC0149
1149,Harry,Jefferson,harry.jefferson1149@example.com,Philosophy,1961-06-11,9261429396,FC0150
1150,Karla,Taylor,karla.taylor1150@example.com,Physics,1965-09-18,0163159996,FC0151
1151,Kristen,Hayes,kristen.hayes1151@example.com,Physics,1975-11-26,8662961943,FC0152
1152,Eric,Dawson,eric.dawson1152@example.com,Civil Engineering,1970-11-16,5511047541,FC0153
1153,Ryan,Hawkins,ryan.hawkins1153@example.com,Physics,1995-04-01,1015819956,FC0154
1154,Paul,Miller,paul.miller1154@example.com,Statistics,1976-11-23,6224447212,FC0155
1155,Kevin,Patton,kevin.patton1155@example.com,Biology,1984-12-13,3799371240,FC0156
1156,Noah,Atkins,noah.atkins1156@example.com,Biology,1990-05-02,6924593752,FC0157
1157,Jessica,Chen,jessica.chen1157@example.com,Civil Engineering,1976-11-15,6465193982,FC0158
1158,Sherry,Clark,sherry.clark1158@example.com,Statistics,1980-03-15,6724342661,FC0159
1159,Brandi,Ferguson,brandi.ferguson1159@example.com,Economics,1988-11-03,5891135290,FC0160
1160,Tammy,Jordan,tammy.jordan1160@example.com,Political Science,1961-02-04,4388899375,FC0161
1161,Hannah,Hernandez,hannah.hernandez1161@example.com,Psychology,1962-01-18,1461125457,FC0162
1162,Michael,Davis,michael.davis1162@example.com,Electronics,1991-03-02,1401051238,FC0163
1163,Mark,Simmons,mark.simmons1163@example.com,History,1991-10-27,6226609379,FC0164
1164,Janet,Harris,janet.harris1164@example.com,Statistics,1964-08-20,8255371478,FC0165
1165,Cheryl,Matthews,cheryl.matthews1165@example.com,History,1984-01-20,7924991251,FC0166
1166,Isaac,Steele,isaac.steele1166@example.com,Sociology,1995-02-20,6929662782,FC0167
1167,Keith,Lopez,keith.lopez1167@example.com,Data Science,1991-01-25,5072368876,FC0168
1168,Tracy,Miller,tracy.miller1168@example.com,Cyber Security,1962-06-24,4043842797,FC0169
1169,Ashley,Adams,ashley.adams1169@example.com,Mechanical Engineering,1985-05-05,7836134074,FC0170
1170,Michelle,Wilson,michelle.wilson1170@example.com,Psychology,1976-07-02,9596292330,FC0171
1171,Juan,Ryan,juan.ryan1171@example.com,Mechanical Engineering,1982-05-27,4948126042,FC0172
1172,Jennifer,Poole,jennifer.poole1172@example.com,Chemistry,1987-02-06,2946671168,FC0173
1173,Stephanie,Murphy,stephanie.murphy1173@example.com,Philosophy,1960-07-18,7518636374,FC0174
1174,Amy,Anderson,amy.anderson1174@example.com,Philosophy,1993-05-28,0017012770,FC0175
1175,Nicole,Turner,nicole.turner1175@example.com,Physics,1979-01-09,5415206436,FC0176
1176,Jason,Miller,jason.miller1176@example.com,English,1975-10-09,0051627136,FC0177
1177,Lawrence,Ibarra,lawrence.ibarra1177@example.com,Computer Science,1969-09-16,2218909275,FC0178
1178,Christina,Ramos,christina.ramos1178@example.com,Statistics,1975-02-28,1219656523,FC0179
1179,Angela,Greene,angela.greene1179@example.com,Philosophy,1979-10-07,4389836403,FC0180
1180,John,Little,john.little1180@example.com,Philosophy,1965-03-18,5526965827,FC0181
1181,Carlos,Baker,carlos.baker1181@example.com,Computer Science,1963-02-01,6848666188,FC0182
1182,Christopher,Miller,christopher.miller1182@example.com,Physics,1974-03-16,8569146303,FC0183
1183,Shawn,Lynch,shawn.lynch1183@example.com,Mathematics,1981-06-04,1020275884,FC0184
1184,Kara,Marks,kara.marks1184@example.com,Philosophy,1968-05-30,5648149177,FC0185
1185,Victor,Bradley,victor.bradley1185@example.com,Physics,1985-05-25,4191380003,FC0186
1186,Patrick,Hernandez,patrick.hernandez1186@example.com,Mathematics,1962-10-13,3536541951,FC0187
1187,Jeffrey,Black,jeffrey.black1187@example.com,English,1963-07-03,1744518705,FC0188
1188,Kristen,Stevenson,kristen.stevenson1188@example.com,Physics,1976-11-19,5973832060,FC0189
1189,Cynthia,Steele,cynthia.steele1189@example.com,Psychology,1961-01-11,0641383670,FC0190
1190,Bradley,Hall,bradley.hall1190@example.com,Philosophy,1995-09-30,5719182619,FC0191
1191,Elaine,Anderson,elaine.anderson1191@example.com,Political Science,1980-03-23,5655743132,FC0192
1192,Daniel,Cole,daniel.cole1192@example.com,Civil Engineering,1981-09-30,1853747411,FC0193
1193,Billy,Huff,billy.huff1193@example.com,History,1982-09-07,1356804420,FC0194
1194,Kaitlin,Wright,kaitlin.wright1194@example.com,Statistics,1991-10-27,2100323651,FC0195
1195,Samantha,Jones,samantha.jones1195@example.com,Biology,1964-10-06,7215107029,FC0196
1196,Anthony,Vega,anthony.vega1196@example.com,Civil Engineering,1972-02-20,3244720999,FC0197
1197,Robert,Pierce,robert.pierce1197@example.com,Philosophy,1964-07-11,4626383806,FC0198
1198,Kimberly,Cooper,kimberly.cooper1198@example.com,Civil Engineering,1994-07-26,6420593040,FC0199
1199,Katie,Key,katie.key1199@example.com,Electronics,1971-03-29,3348039652,FC0200
1200,Louis,Rojas,louis.rojas1200@example.com,History,1984-10-16,5992937842,FC0201
1201,Brian,Guzman,brian.guzman1201@example.com,Chemistry,1961-09-25,0593252500,FC0202
1202,Kim,Mathis,kim.mathis1202@example.com,Chemistry,1985-03-17,5691545226,FC0203
1203,Jasmine,Hoffman,jasmine.hoffman1203@example.com,Electronics,1984-08-28,9264422096,FC0204
1204,Carrie,Mccall,carrie.mccall1204@example.com,Cyber Security,1975-05-30,7251355215,FC0205
1205,Jason,Steele,jason.steele1205@example.com,Electronics,1984-03-24,1006762676,FC0206
1206,Craig,Mendoza,craig.mendoza1206@example.com,Electronics,1975-09-23,7104054115,FC0207
1207,Jessica,Payne,jessica.payne1207@example.com,Mechanical Engineering,1966-09-18,9970629620,FC0208
1208,Terri,Ortiz,terri.ortiz1208@example.com,Mathematics,1978-06-06,4310698720,FC0209
1209,Christopher,Colon,christopher.colon1209@example.com,Chemistry,1993-01-23,1032417146,FC0210
1210,Christopher,Stephens,christopher.stephens1210@example.com,Mathematics,1972-12-16,6527047743,FC0211
1211,Edward,Horton,edward.horton1211@example.com,Data Science,1966-12-16,5869380686,FC0212
1212,Nicole,Alvarez,nicole.alvarez1212@example.com,English,1965-10-01,0898992172,FC0213
1213,David,Henderson,david.henderson1213@example.com,Chemistry,1990-01-02,2945116868,FC0214
1214,Stephen,Marks,stephen.marks1214@example.com,Philosophy,1995-12-09,1622999119,FC0215
1215,Nicole,Humphrey,nicole.humphrey1215@example.com,History,1978-05-09,7997024629,FC0216
1216,Randy,Koch,randy.koch1216@example.com,History,1976-07-18,7450544471,FC0217
1217,Terri,Ramos,terri.ramos1217@example.com,Statistics,1982-03-19,6913736785,FC0218
1218,Cameron,Mckinney,cameron.mckinney1218@example.com,Mechanical Engineering,1987-10-30,8902330307,FC0219
1219,Joshua,Colon,joshua.colon1219@example.com,Biology,1994-10-01,1035797279,FC0220
1220,Frank,Kline,frank.kline1220@example.com,Electronics,1966-07-12,0602933334,FC0221
1221,Michelle,Coffey,michelle.coffey1221@example.com,Economics,1960-12-25,2290349446,FC0222
1222,Johnathan,Owens,johnathan.owens1222@example.com,Political Science,1995-10-22,9108589944,FC0223
1223,Matthew,Hill,matthew.hill1223@example.com,Mechanical Engineering,1982-07-03,4432830965,FC0224
1224,Whitney,Green,whitney.green1224@example.com,Philosophy,1988-11-10,6099353875,FC0225
1225,Mary,Walter,mary.walter1225@example.com,Physics,1972-09-14,1724825135,FC0226
1226,Kristin,Rivera,kristin.rivera1226@example.com,Mechanical Engineering,1978-02-09,7170999173,FC0227
1227,Alyssa,Gutierrez,alyssa.gutierrez1227@example.com,Statistics,1970-08-21,3569725217,FC0228
1228,Cynthia,Smith,cynthia.smith1228@example.com,Chemistry,1978-12-28,2927129666,FC0229
1229,Adam,Ferguson,adam.ferguson1229@example.com,Mathematics,1985-10-07,5830033542,FC0230
1230,Brianna,Jackson,brianna.jackson1230@example.com,Statistics,1963-06-28,4789856257,FC0231
1231,Stacy,Hull,stacy.hull1231@example.com,Computer Science,1987-10-30,3323098215,FC0232
1232,Kelsey,Dean,kelsey.dean1232@example.com,Physics,1963-08-23,0016761847,FC0233
1233,Kevin,Stanley,kevin.stanley1233@example.com,Philosophy,1995-10-14,9926189141,FC0234
1234,Chelsea,Strickland,chelsea.strickland1234@example.com,Economics,1995-12-23,5642087375,FC0235
1235,Emily,Meadows,emily.meadows1235@example.com,Electronics,1994-01-01,1811437447,FC0236
1236,Morgan,Phelps,morgan.phelps1236@example.com,Civil Engineering,1984-11-21,6110022557,FC0237
1237,Nathan,Cooper,nathan.cooper1237@example.com,Civil Engineering,1968-02-15,6746762120,FC0238
1238,Rhonda,Webb,rhonda.webb1238@example.com,History,1990-03-12,9659027716,FC0239
1239,Jose,Edwards,jose.edwards1239@example.com,Data Science,1996-02-03,5889163756,FC0240
1240,Brian,Schneider,brian.schneider1240@example.com,Mathematics,1971-01-21,7217535408,FC0241
1241,Richard,Young,richard.young1241@example.com,Economics,1991-08-14,9717751701,FC0242
1242,Angela,Smith,angela.smith1242@example.com,Data Science,1966-07-25,8837550375,FC0243
1243,Thomas,Sandoval,thomas.sandoval1243@example.com,Computer Science,1991-03-04,1305548851,FC0244
1244,Donald,Love,donald.love1244@example.com,Data Science,1988-03-22,4933163735,FC0245
1245,Sara,Monroe,sara.monroe1245@example.com,Political Science,1968-10-05,7982708086,FC0246
1246,Kimberly,Kent,kimberly.kent1246@example.com,Mechanical Engineering,1972-03-12,1699586693,FC0247
1247,Tara,Chavez,tara.chavez1247@example.com,Sociology,1969-06-14,6984858333,FC0248
1248,Samantha,Anderson,samantha.anderson1248@example.com,Electronics,1972-06-23,1587996846,FC0249
1249,Anthony,Thomas,anthony.thomas1249@example.com,Statistics,1964-03-24,4244204380,FC0250
1250,Christina,Lowe,christina.lowe1250@example.com,Civil Engineering,1975-08-23,3840666580,FC0251
1251,Christine,Norman,christine.norman1251@example.com,Biology,1990-07-12,5989334721,FC0252
1252,David,Williams,david.williams1252@example.com,History,1979-05-16,2294057202,FC0253
1253,Kim,Garrett,kim.garrett1253@example.com,Sociology,1980-11-14,9851583281,FC0254
1254,Amy,Powell,amy.powell1254@example.com,History,1984-02-26,3555439878,FC0255
1255,Sean,Conway,sean.conway1255@example.com,Mathematics,1976-12-20,5616484085,FC0256
1256,Tommy,Phillips,tommy.phillips1256@example.com,Statistics,1973-06-23,8112880133,FC0257
1257,Amanda,Park,amanda.park1257@example.com,Mathematics,1989-12-29,2075011024,FC0258
1258,Lorraine,Bartlett,lorraine.bartlett1258@example.com,English,1988-02-12,7665061809,FC0259
1259,Jaclyn,Jones,jaclyn.jones1259@example.com,Mathematics,1994-08-06,4491476607,FC0260
1260,Derek,Myers,derek.myers1260@example.com,Mathematics,1980-06-13,4508821009,FC0261
1261,Amy,Miller,amy.miller1261@example.com,Civil Engineering,1974-09-02,3682223943,FC0262
1262,Melissa,York,melissa.york1262@example.com,Psychology,1991-10-07,4141397552,FC0263
1263,Christine,Mccullough,christine.mccullough1263@example.com,Psychology,1982-01-01,7594929955,FC0264
1264,Lawrence,Floyd,lawrence.floyd1264@example.com,Economics,1990-01-20,5257775478,FC0265
1265,Christopher,Ramirez,christopher.ramirez1265@example.com,Mathematics,1969-11-26,4110809969,FC0266
1266,Jorge,Shannon,jorge.shannon1266@example.com,Psychology,1992-07-03,5639427881,FC0267
1267,Alex,Allen,alex.allen1267@example.com,Physics,1971-08-31,7229927503,FC0268
1268,Joseph,Young,joseph.young1268@example.com,Economics,1974-06-13,6770051844,FC0269
1269,Glenn,Valdez,glenn.valdez1269@example.com,Physics,1985-03-27,8463865577,FC0270
1270,Nicole,Gonzales,nicole.gonzales1270@example.com,Physics,1976-01-11,8432225913,FC0271
1271,Timothy,Mendoza,timothy.mendoza1271@example.com,Philosophy,1974-09-19,6030299228,FC0272
1272,Brian,Scott,brian.scott1272@example.com,Data Science,1972-08-17,9904137977,FC0273
1273,Carolyn,Norton,carolyn.norton1273@example.com,Chemistry,1972-10-02,2579913662,FC0274
1274,Alexandra,Blankenship,alexandra.blankenship1274@example.com,Philosophy,1988-12-11,9127990881,FC0275
1275,Rachel,Ryan,rachel.ryan1275@example.com,Mathematics,1960-06-16,8650863765,FC0276
1276,Ronald,Scott,ronald.scott1276@example.com,Physics,1976-03-14,4986430098,FC0277
1277,Nicholas,Harris,nicholas.harris1277@example.com,Electronics,1981-11-15,5126944869,FC0278
1278,Victoria,Sanders,victoria.sanders1278@example.com,Psychology,1974-03-28,8872588744,FC0279
1279,Jill,Wyatt,jill.wyatt1279@example.com,English,1968-06-24,7213865890,FC0280
1280,Linda,Morrow,linda.morrow1280@example.com,Political Science,1992-06-22,1143519066,FC0281
1281,Jennifer,Harper,jennifer.harper1281@example.com,History,1972-04-21,7038430988,FC0282
1282,Emily,Ward,emily.ward1282@example.com,English,1960-05-25,1465669380,FC0283
1283,Justin,Gallegos,justin.gallegos1283@example.com,Philosophy,1984-01-24,4393769042,FC0284
1284,Angelica,Gordon,angelica.gordon1284@example.com,Political Science,1983-07-06,8489476973,FC0285
1285,Peggy,Atkins,peggy.atkins1285@example.com,Data Science,1993-03-05,4163356588,FC0286
1286,Justin,Ross,justin.ross1286@example.com,Biology,1983-08-26,8275539423,FC0287
1287,Jill,Salas,jill.salas1287@example.com,Sociology,1974-06-13,3395211179,FC0288
1288,Melanie,Watson,melanie.watson1288@example.com,Mechanical Engineering,1981-11-03,9472846392,FC0289
1289,Timothy,Fernandez,timothy.fernandez1289@example.com,English,1994-07-28,6271875003,FC0290
1290,Mark,Salazar,mark.salazar1290@example.com,Physics,1978-01-18,8434795527,FC0291
1291,Jaclyn,Watson,jaclyn.watson1291@example.com,Computer Science,1987-08-21,7292931438,FC0292
1292,Dustin,Haley,dustin.haley1292@example.com,Mechanical Engineering,1970-07-22,0267288574,FC0293
1293,Brandon,Garcia,brandon.garcia1293@example.com,Chemistry,1971-06-29,3471754558,FC0294
1294,Andrew,Martinez,andrew.martinez1294@example.com,Physics,1973-12-01,4558771694,FC0295
1295,Danielle,Mcfarland,danielle.mcfarland1295@example.com,Statistics,1989-01-30,1125355449,FC0296
1296,Kimberly,Mcmillan,kimberly.mcmillan1296@example.com,History,1995-10-29,6220234132,FC0297
1297,Caleb,Johns,caleb.johns1297@example.com,Psychology,1964-01-15,6811492164,FC0298
1298,Scott,Martinez,scott.martinez1298@example.com,Political Science,1996-03-22,0055778487,FC0299
1299,Brittany,Bryant,brittany.bryant1299@example.com,Biology,1989-12-23,5783174564,FC0300
